game_id,moves
0,1 35 37 40 38 50 44 17 23 27 29 38 29 44 29 57 47 10 20 49 13 29 23 16 23 42 28 41 57 34 50 32 30 37 30 23 30 18 54 24 23 26 44 9 17 54 47 33 47 44 47 56 47 20 35 13 31 11 12 23 22 2 26 25 39 35 52 49 33 42 34 22 21 28 35 47 46 35 44 31 13 34 35 30 29 12 21 39 21 35 38 46 45 38 54 57 49 52 62 21 3 62 47 64 63 54 53 3 39 53 45 13 40 47 53 17 11 44 37 40 54 45 46 39 46 37 46 8 6 26 2 33 30 46 28 11 13 51 52 6 5 59 61 54 27 53 47 30 6 47 32 49 40 32 38 6 38 43 45 38 6 2 26 27 36 50 51 5 4 26 2 4 3 19 20 29 20 28 19 13 11 51 44 11 19 44 36 19 11 36 37 11 10 2 3 6 3 45 46 10 18 46 47 40 47 37 45 47 56 52 53 3 35 53 54 35 39 54 63 39 63 45 53 63 55 53 62 55 39 62 53 18 42 53 52 20 19 61 62 19 18 62 63 56 64 52 51 39 55 51 59 42 58 0
1,1 19 21 40 39 51 52 32 30 42 51 57 47 50 44 49 40 34 50 41 57 27 29 47 37 26 19 48 46 11 12 24 23 18 4 40 4 10 4 17 32 19 11 56 54 2 18 54 53 44 34 64 62 34 28 62 61 43 44 37 52 59 52 61 52 42 26 33 61 11 27 53 44 35 44 61 29 50 42 29 61 21 30 39 30 27 45 61 45 28 45 8 6 4 19 6 5 12 13 32 15 19 36 5 4 18 20 9 5 20 12 15 32 45 55 49 33 55 40 57 49 40 25 33 25 36 46 32 38 46 52 38 21 44 45 25 41 42 43 16 15 13 14 23 14 26 30 14 13 30 32 21 6 51 30 41 40 32 33 40 41 33 32 41 40 32 40 49 40 52 46 40 47 46 36 6 12 30 12 5 9 43 44 15 14 36 53 47 56 45 46 9 25 44 45 25 20 46 47 56 49 12 39 13 12 53 38 20 21 45 36 21 24 39 12 24 20 36 29 20 12 29 30 12 11 30 39 11 35 39 31 35 38 31 38 14 13 38 29 13 12 29 20 12 3 20 12 3 2 12 5 2 47 5 4 47 39 0
2,1 19 21 40 39 51 52 32 30 42 51 57 47 50 44 49 40 34 50 41 57 27 29 24 23 26 19 16 15 42 26 17 32 10 27 25 7 11 12 23 22 35 37 30 21 37 38 47 30 12 21 30 13 19 37 22 29 3 4 32 22 37 10 13 28 27 12 28 18 26 18 29 28 12 22 40 22 2 3 33 32 3 27 49 33 18 20 32 5 44 54 9 25 20 28 33 28 10 28 56 55 28 44 25 24 27 33 22 49 33 49 57 49 54 39 49 57 39 24 5 21 44 23 21 35 59 61 35 34 50 59 34 43 24 30 7 42 30 47 57 56 47 53 43 51 23 51 42 51 59 51 64 62 53 47 56 49 51 44 49 40 44 37 40 39 47 30 15 14 30 24 39 40 24 14 8 7 14 24 7 6 4 5 40 32 24 30 32 39 30 15 48 47 15 21 39 32 38 47 32 39 47 48 39 48 21 6 48 40 6 23 40 31 23 38 31 24 38 55 24 15 55 45 15 6 45 62 6 5 62 47 5 14 52 53 14 23 53 54 23 31 37 46 31 40 54 55 40 49 61 62 49 56 46 54 56 65 47 41 0
3,1 35 37 24 22 50 44 8 7 11 13 22 13 3 4 13 4 27 29 32 31 42 21 56 55 59 61 49 56 61 62 25 53 62 63 56 47 10 20 17 23 18 36 16 14 21 12 33 6 36 27 47 29 20 30 6 33 58 61 53 44 51 44 29 2 26 2 57 47 27 20 40 38 61 45 47 30 12 30 23 40 30 48 41 32 45 47 65 49 2 4 40 25 48 39 32 40 47 49 33 49 39 30 9 8 20 38 49 44 38 29 44 4 0
4,1 35 37 57 47 37 38 47 30 10 20 40 39 20 37 48 46 38 47 30 47 37 47 33 47 27 29 32 30 50 44 17 23 19 20 49 31 42 14 25 32 34 50 8 7 14 23 32 23 42 34 41 57 18 54 47 55 54 61 23 14 61 52 49 47 44 38 55 46 3 5 14 41 5 6 41 14 11 12 64 62 52 61 56 54 20 21 14 41 51 53 62 53 61 52 41 62 21 22 31 49 26 27 47 63 27 13 9 17 38 32 17 33 32 49 33 49 13 16 63 64 34 38 46 28 16 23 28 29 2 34 62 48 23 7 29 22 7 35 22 13 38 54 64 56 54 56 57 56 52 38 56 64 34 26 48 55 35 53 13 53 50 42 53 26 42 51 26 53 38 52 55 37 43 44 53 44 51 60 49 46 60 61 46 62 0
5,1 27 29 57 47 19 21 40 39 10 20 49 13 35 36 41 57 50 35 32 30 3 4 13 20 35 20 24 22 29 22 8 6 20 5 17 32 11 13 6 13 4 13 16 15 22 23 32 38 13 14 33 24 18 11 49 33 26 29 38 21 42 21 30 21 29 15 24 40 34 50 47 30 15 22 40 22 5 22 9 17 2 6 21 20 11 4 39 38 36 37 30 24 43 45 24 14 45 38 20 19 4 18 25 53 59 60 53 26 38 39 48 39 22 39 33 25 18 36 64 63 23 24 14 24 39 24 25 24 6 30 26 35 42 34 35 21 30 29 17 25 50 43 21 48 36 18 48 55 37 38 25 41 18 45 24 20 51 52 57 48 29 32 41 40 0
6,1 19 21 57 47 27 29 56 55 10 20 32 30 50 44 49 56 21 30 47 30 35 37 30 20 11 20 24 22 29 30 56 20 18 27 20 2 26 2 48 47 27 63 25 53 44 27 33 6 43 44 53 32 37 38 0
7,1 35 37 40 38 50 44 48 46 27 28 17 23 10 20 57 47 18 54 49 13 37 46 32 30 3 4 13 6 11 13 6 15 54 47 56 47 20 5 41 57 44 61 57 65 42 35 8 6 13 14 23 29 5 15 24 15 4 5 49 57 34 50 25 46 19 20 29 35 26 35 46 53 43 44 53 32 44 45 57 53 51 52 33 57 61 51 9 41 45 38 47 38 2 34 38 37 35 36 57 56 36 15 37 28 34 41 32 41 15 31 41 48 51 45 28 27 42 26 53 52 59 52 56 52 45 51 52 31 26 27 31 22 27 43 48 55 0
8,1 11 12 56 55 18 11 57 47 27 29 49 56 35 36 24 22 29 22 33 6 10 27 6 22 50 44 41 57 42 35 16 15 19 21 25 16 34 50 40 39 3 5 17 7 5 6 49 25 2 5 22 40 26 2 25 33 59 60 16 23 5 4 23 16 42 26 32 31 44 29 39 38 29 14 56 49 11 20 7 22 12 13 22 39 20 11 39 54 6 7 16 23 14 20 40 39 60 61 23 51 61 54 39 60 43 44 60 58 50 43 58 59 27 37 47 53 43 34 53 36 2 18 31 30 21 30 36 46 26 28 46 29 34 26 49 13 18 27 15 14 35 42 13 4 11 4 51 44 28 44 29 44 27 59 44 59 42 35 64 63 54 63 48 46 37 54 9 25 63 64 57 56 54 39 56 64 39 33 25 20 4 13 20 12 33 23 59 53 30 31 53 47 26 19 12 60 35 14 55 54 23 8 54 53 31 32 47 32 14 32 60 59 19 12 53 52 32 46 64 56 8 14 59 63 7 8 63 7 46 37 52 51 37 51 38 37 51 37 56 47 8 9 7 9 37 9 47 46 12 19 46 38 19 27 38 46 27 36 46 39 36 45 39 32 9 30 32 25 45 38 25 32 30 16 32 33 38 31 33 41 31 39 41 33 13 40 33 41 14 31 0
9,1 27 29 57 47 18 45 56 55 35 36 49 56 50 44 41 57 42 35 16 15 34 50 25 16 19 21 32 31 10 20 17 32 26 19 33 41 59 60 40 38 45 59 38 29 44 29 8 7 35 44 16 44 29 44 32 22 2 18 22 37 20 30 9 25 42 26 7 6 44 29 37 22 29 14 47 30 26 30 41 37 30 26 37 19 18 19 49 33 50 42 48 46 14 20 56 20 19 20 33 41 11 12 41 39 43 44 25 41 59 50 55 54 51 53 41 49 42 51 39 47 26 42 46 53 60 53 64 62 53 62 54 53 44 45 47 63 50 43 63 62 42 58 62 58 51 58 57 48 58 51 22 37 20 28 49 65 43 50 65 60 28 29 37 22 45 46 48 47 29 53 47 46 51 60 0
10,1 19 21 24 23 10 20 32 30 27 29 57 47 50 44 30 21 51 52 56 55 42 51 49 56 44 38 41 57 38 21 17 32 34 50 32 15 21 38 64 63 35 37 47 32 38 32 25 32 26 12 33 25 18 36 32 60 2 18 60 51 50 51 63 62 59 61 25 53 43 44 53 32 42 26 49 33 29 30 23 30 36 15 8 15 20 30 32 39 3 4 9 25 12 13 25 18 26 18 33 32 18 19 56 38 13 15 38 31 4 5 39 38 15 43 40 39 30 15 32 24 15 21 38 22 43 22 24 22 11 12 31 40 19 27 16 14 5 14 22 14 27 32 40 47 32 48 14 12 48 47 12 20 21 38 20 19 51 60 57 56 47 55 56 64 55 54 19 22 38 48 22 23 54 62 64 56 48 38 23 22 62 54 56 47 38 32 47 48 32 22 39 38 54 46 48 55 60 53 55 56 46 38 56 47 38 46 47 56 37 38 56 63 38 39 63 55 39 40 55 56 40 41 56 64 41 39 64 65 46 48 0
11,1 27 29 57 47 18 54 40 39 35 37 32 30 37 38 64 63 54 18 47 32 43 45 24 22 19 20 17 23 50 44 33 15 3 4 22 29 20 29 49 40 10 20 56 54 59 60 48 46 20 5 15 33 11 13 16 15 18 36 32 49 2 18 25 32 5 20 49 55 51 52 54 45 52 45 40 61 34 35 41 48 58 50 61 40 20 14 23 38 29 38 32 14 35 27 14 42 26 42 9 25 42 7 33 32 44 29 55 61 7 35 25 18 35 62 48 49 50 18 65 64 18 23 0
12,1 50 44 57 47 27 29 32 31 10 20 31 30 26 28 16 15 35 37 30 37 20 37 25 16 37 47 40 47 18 45 49 40 28 14 24 23 14 62 41 57 34 18 17 7 42 28 56 55 62 63 49 41 28 21 40 49 21 48 57 65 63 61 41 35 58 34 33 40 48 55 35 34 26 34 40 56 44 38 7 13 34 36 13 3 18 10 16 25 36 52 8 7 55 64 3 20 11 20 9 8 64 46 56 64 46 64 25 53 52 53 49 63 61 63 15 14 38 55 0
13,1 35 37 40 38 50 44 17 23 10 20 57 47 42 21 47 37 20 30 37 31 21 12 49 40 27 29 38 29 34 50 41 57 42 34 40 47 18 45 31 46 45 24 8 6 3 5 32 31 24 33 47 33 51 53 46 40 44 29 23 38 59 60 40 55 43 45 38 23 29 14 25 39 14 24 39 30 24 30 33 61 34 35 9 41 35 41 49 41 19 20 41 34 26 34 61 34 2 34 57 49 50 43 64 62 43 52 62 61 52 44 23 33 30 24 55 40 34 26 40 25 24 14 49 40 45 46 33 23 44 45 23 38 14 31 38 55 46 55 25 31 26 31 40 31 55 48 31 40 45 54 40 49 54 55 16 15 53 54 15 14 5 14 6 5 12 5 49 40 55 56 40 31 48 49 31 30 5 12 30 37 49 40 37 28 14 15 28 27 15 16 27 18 16 17 18 27 20 21 27 18 21 22 18 27 12 57 27 28 22 23 28 27 23 24 27 18 24 25 18 10 11 13 10 11 13 14 0
14,1 27 29 32 30 50 44 24 23 51 52 25 53 42 51 40 39 34 50 49 31 19 21 48 46 10 20 57 47 18 54 64 63 54 47 56 47 21 30 23 30 26 12 33 32 59 60 53 62 44 61 17 23 2 18 23 29 12 26 29 23 3 4 65 57 11 13 9 25 13 14 23 38 20 30 39 30 26 30 62 48 18 25 41 40 30 16 57 25 61 46 40 33 46 31 32 31 43 45 31 29 50 59 38 32 51 23 25 17 16 7 48 21 7 5 17 25 42 26 29 43 59 58 21 35 26 32 33 41 5 37 41 49 37 40 49 57 40 56 0
15,1 35 37 40 38 50 44 17 23 10 20 57 47 42 14 23 29 14 21 49 22 27 28 32 31 44 29 22 29 3 5 41 57 26 44 25 39 20 30 47 53 34 50 24 23 30 36 29 36 18 36 53 36 44 36 49 41 21 39 41 39 5 6 64 63 42 18 31 30 36 22 8 7 18 34 9 25 34 35 25 24 51 52 24 32 22 20 30 37 35 37 32 30 11 13 48 46 37 21 33 31 2 34 39 40 34 36 57 64 59 60 64 57 50 51 40 32 36 44 32 48 20 34 30 14 34 20 14 30 44 36 48 40 60 61 40 32 36 34 57 48 34 36 48 57 36 34 30 14 34 35 14 30 35 36 57 64 36 34 64 57 34 36 57 64 36 34 64 57 34 35 57 64 51 50 64 57 50 51 32 40 20 34 30 14 34 20 14 30 21 22 57 64 35 36 64 55 22 21 55 64 20 34 64 57 34 35 40 48 35 34 48 40 21 45 38 45 36 40 45 52 43 52 30 14 40 39 31 30 51 59 30 29 39 35 29 31 35 39 31 29 39 41 57 64 19 20 29 28 41 49 28 19 59 60 19 37 34 37 46 37 49 41 23 22 41 37 22 13 20 13 63 62 60 51 16 15 6 15 14 15 51 44 56 55 37 29 15 14 52 53 62 53 44 53 64 56 53 45 7 6 13 6 14 6 45 52 55 54 61 54 6 38 52 53 38 39 53 62 39 7 29 26 7 8 26 31 8 40 31 55 56 64 55 63 64 56 63 55 56 65 55 63 65 56 63 31 40 24 31 7 24 21 7 8 56 57 8 9 57 56 9 8 56 57 62 63 21 23 54 55 23 25 8 56 57 65 56 64 65 57 64 56 57 65 56 64 65 57 64 32 57 65 32 40 25 9 40 64 65 57 64 56 57 65 56 64 65 57 64 16 57 65 16 24 9 41 24 64 65 57 64 56 57 65 56 64 65 57 64 56 57 65 56 32 65 57 32 24 41 49 24 56 57 65 56 64 65 57 64 56 57 65 56 64 65 57 64 32 49 25 32 40 57 49 40 48 49 57 48 8 57 65 8 16 25 41 16 8 41 25 8 48 25 41 48 24 65 57 24 32 41 49 32 8 49 41 8 16 41 49 16 24 49 41 24 16 41 25 16 40 25 9 40 56 57 65 56 48 9 25 48 8 25 17 8 64 65 57 64 56 57 65 56 64 65 57 64 56 57 65 56 32 17 41 32 16 41 25 16 48 25 9 48 40 65 57 40 39 9 25 39 7 25 49 7 8 49 17 8 56 0
16,1 35 37 24 22 10 20 17 23 42 14 23 29 50 44 40 39 34 50 8 7 14 28 29 23 28 35 23 29 35 28 29 23 28 35 23 29 35 28 0
17,1 35 37 24 22 10 20 17 23 43 45 56 55 50 44 49 56 42 14 23 29 34 50 8 7 14 28 32 31 44 29 22 29 20 35 57 47 19 20 29 20 27 20 41 57 50 58 16 14 35 52 25 16 45 46 31 30 37 38 47 37 28 37 30 37 26 33 49 33 46 47 40 47 38 47 56 49 18 36 33 28 36 29 14 13 2 34 9 41 34 36 16 30 42 34 28 36 34 36 13 20 11 20 30 3 36 37 41 37 52 37 7 6 37 22 3 10 22 16 6 5 20 21 5 4 21 22 10 37 16 6 4 3 22 23 49 31 58 50 31 22 0
18,1 11 13 40 38 3 4 48 46 18 11 32 31 19 21 57 47 10 20 25 39 35 36 17 32 27 29 38 37 50 60 49 40 60 45 39 48 59 61 41 57 42 35 24 23 51 52 31 30 21 30 23 30 26 12 32 15 20 5 40 31 5 22 31 45 52 45 33 40 34 18 15 21 18 10 16 15 22 7 9 25 13 14 64 63 12 13 40 32 26 18 57 64 4 5 47 41 35 21 30 21 13 49 41 31 49 25 32 25 58 50 25 39 11 20 39 40 29 30 56 55 61 62 55 54 7 13 48 62 13 23 40 48 45 54 48 30 54 63 31 41 20 29 21 20 18 20 64 63 23 40 30 48 40 57 63 64 10 11 62 55 50 58 55 62 57 47 41 47 29 47 48 47 58 62 64 55 62 58 46 45 36 45 47 45 20 19 37 36 43 36 45 13 11 18 13 4 18 27 4 5 58 10 5 6 27 28 6 4 19 20 4 31 28 35 31 59 35 28 55 46 10 13 59 31 13 29 31 38 20 21 38 14 29 45 46 38 45 37 38 30 37 29 30 39 29 37 39 31 37 29 31 40 29 37 40 47 37 45 47 54 45 53 54 62 53 61 62 55 61 53 55 47 53 45 47 39 0
19,1 35 37 24 22 50 44 8 7 27 29 22 29 44 29 16 14 19 21 40 38 29 44 57 47 44 38 49 13 18 27 33 40 27 13 40 13 26 27 13 40 27 29 41 57 43 44 49 41 38 28 14 21 29 21 32 30 21 22 40 16 37 38 25 46 44 45 17 23 42 35 46 28 35 28 16 11 22 20 11 51 58 42 23 38 45 38 9 25 20 27 41 38 34 26 51 53 28 35 38 35 27 35 53 29 0
20,1 50 44 57 47 27 29 56 55 18 45 49 56 35 36 32 31 59 60 41 57 42 21 17 32 34 50 16 15 3 5 8 7 19 20 25 16 10 27 47 37 26 12 37 27 44 27 9 17 21 30 7 6 42 18 40 39 30 16 17 16 12 21 32 47 21 23 16 17 11 13 17 9 27 12 47 30 13 6 30 45 36 45 15 6 2 10 39 38 45 38 31 38 29 30 38 37 20 21 56 38 18 34 49 41 12 22 33 61 34 37 38 45 37 41 9 41 23 41 57 56 22 28 45 31 21 22 61 37 41 37 0
21,1 35 37 24 22 19 20 8 7 27 29 16 15 29 22 15 22 26 30 33 24 50 44 25 16 30 28 17 23 10 27 57 47 42 35 40 39 34 50 49 40 42 34 41 57 59 60 32 30 37 30 39 30 35 42 49 41 51 52 9 33 42 51 22 21 28 19 40 22 34 41 33 41 27 42 47 37 18 36 23 38 44 38 24 38 51 37 30 37 36 22 38 22 42 36 48 46 19 5 22 14 5 21 14 21 36 21 16 30 21 36 30 39 60 61 57 48 2 26 48 47 26 31 7 6 31 7 0
22,1 50 44 57 47 51 52 16 15 42 51 25 16 34 50 40 39 19 21 24 22 27 28 49 40 35 37 41 57 10 20 32 31 11 12 17 23 18 11 23 29 44 34 33 24 43 45 8 7 34 19 16 23 19 36 15 14 52 53 47 32 53 54 48 46 54 47 32 47 20 35 29 35 26 35 9 41 2 34 40 33 35 19 47 62 45 46 33 54 51 60 54 36 34 36 39 38 36 44 14 13 11 18 7 6 60 53 62 47 44 52 6 5 19 51 57 65 53 26 41 9 50 58 5 12 26 12 23 5 42 50 49 48 18 54 47 57 52 60 5 12 3 12 57 47 51 52 64 63 52 61 47 64 46 47 64 54 47 56 48 56 61 63 54 64 63 47 24 40 50 56 40 56 47 31 9 2 0
23,1 50 44 32 30 27 29 40 39 19 21 57 47 10 20 49 13 26 5 17 23 35 36 41 57 18 27 49 41 3 4 13 31 5 19 8 7 21 22 31 49 11 13 39 38 29 38 23 38 44 29 47 53 59 60 53 47 42 35 24 23 34 50 38 55 2 34 25 32 29 46 33 24 35 28 41 38 43 45 38 41 51 53 9 33 27 18 32 25 18 11 25 46 28 46 30 29 20 26 47 30 46 55 64 55 11 29 55 54 29 38 41 38 45 38 24 38 19 59 38 37 59 51 37 38 51 44 30 47 26 43 33 27 34 26 27 3 26 28 56 55 28 33 57 56 33 28 49 40 50 51 47 37 51 50 37 47 42 26 7 6 26 27 3 2 27 26 2 3 26 27 3 2 27 26 2 3 0
24,1 50 44 32 30 51 52 57 47 42 51 25 53 19 21 53 44 51 44 24 23 26 12 33 32 21 30 23 30 10 20 40 39 34 50 17 23 44 51 49 22 27 28 41 57 35 37 23 29 12 26 64 63 37 30 39 30 18 45 49 41 3 4 8 6 2 18 9 25 59 61 16 14 42 34 14 13 4 13 6 13 34 41 25 41 20 30 47 30 18 22 30 45 52 45 29 35 50 59 35 45 26 44 45 28 22 30 32 24 44 52 24 52 59 52 28 11 30 32 11 21 51 30 21 38 32 16 41 33 16 14 56 54 61 54 63 54 43 45 54 45 52 45 38 55 45 37 57 56 14 16 33 41 37 29 41 40 16 40 55 40 30 37 56 65 29 21 65 56 21 13 56 47 13 21 47 38 37 28 40 30 21 12 30 36 0
25,1 50 44 32 30 51 52 24 22 42 51 17 23 34 50 57 47 19 21 40 39 11 12 49 40 18 11 30 29 35 36 39 38 36 29 38 29 42 34 41 57 27 28 64 63 10 4 25 46 4 19 8 6 3 4 40 31 2 10 9 25 11 18 16 15 59 60 33 24 52 53 46 64 34 35 25 41 35 41 49 41 44 34 23 38 18 45 38 21 12 21 31 45 34 44 56 54 19 34 47 32 51 42 57 56 44 27 32 38 27 44 38 55 42 51 55 38 44 38 41 38 34 44 38 39 10 12 24 40 12 10 48 46 4 5 46 53 60 53 64 55 51 42 63 62 44 59 45 59 50 59 40 31 59 50 62 61 26 44 39 47 44 16 56 63 10 34 31 45 16 51 63 56 34 40 55 48 40 37 61 60 51 52 45 52 43 52 60 59 0
26,1 27 29 57 47 19 21 24 22 29 30 56 55 10 20 49 56 35 37 32 31 59 60 41 57 18 36 40 39 42 28 39 30 37 30 49 41 50 44 41 36 43 36 33 40 34 50 17 32 26 27 47 62 51 53 62 52 42 43 32 38 50 51 38 44 43 44 56 20 27 20 52 37 28 37 40 37 20 47 37 19 51 58 25 46 53 46 0
27,1 50 44 57 47 51 52 56 55 42 51 49 56 34 50 41 57 27 29 32 30 19 21 30 21 10 4 21 20 11 20 24 22 4 21 17 23 44 38 25 39 38 23 16 23 21 38 47 30 26 19 9 25 42 26 22 29 20 29 23 22 19 5 30 20 0
28,1 50 44 57 47 51 52 56 55 42 51 49 56 34 50 41 57 19 21 32 31 10 20 17 23 2 10 8 6 27 29 40 38 29 30 23 40 44 27 47 32 27 37 64 63 21 22 48 46 22 31 46 37 31 40 33 40 20 37 32 47 26 12 57 64 18 36 47 53 0
29,1 27 29 32 30 19 21 40 39 50 44 8 7 18 54 49 40 54 40 33 40 26 19 57 47 10 27 41 57 51 52 17 32 42 51 16 15 34 50 25 16 21 30 47 30 35 37 30 13 19 24 9 17 44 38 49 33 38 32 40 32 24 32 33 32 27 12 13 19 2 26 17 33 29 30 39 30 37 30 56 55 26 27 19 13 3 4 16 30 51 30 13 30 42 26 57 49 50 51 7 6 51 44 48 46 12 29 30 24 29 39 24 39 27 32 33 32 26 32 49 41 32 16 15 14 44 36 0
30,1 35 37 40 38 50 44 17 23 42 14 8 7 14 23 32 23 34 50 49 31 27 29 38 29 26 29 48 47 42 34 57 40 37 38 47 38 44 38 41 57 10 20 33 41 29 21 57 65 18 45 16 14 21 29 23 22 29 36 25 16 45 52 40 46 36 54 14 13 20 26 49 47 38 28 41 23 43 44 46 29 26 36 29 44 51 44 23 44 28 43 47 55 54 46 55 52 59 52 44 52 50 42 9 49 46 49 31 49 3 4 64 63 19 21 13 20 11 20 49 40 2 10 16 44 10 17 65 64 34 35 22 21 4 5 52 59 42 34 59 62 17 11 40 47 43 26 62 58 34 27 47 54 35 34 58 61 11 19 61 52 5 6 44 26 27 26 54 36 34 36 52 36 19 18 36 28 26 34 28 52 34 27 52 28 27 34 64 57 18 26 28 36 34 42 36 44 42 34 44 20 34 35 57 65 26 27 65 57 27 26 20 12 26 34 57 64 35 43 12 11 43 44 11 20 44 43 20 27 34 35 27 26 43 44 21 20 44 36 24 23 36 43 23 22 43 36 26 29 36 44 29 30 44 43 20 19 35 19 30 46 43 35 46 19 35 36 19 26 36 37 64 57 37 38 57 48 38 45 26 12 45 37 48 40 37 46 40 48 46 37 56 54 37 46 12 39 0
31,1 35 37 57 47 37 38 47 30 10 20 40 39 20 37 48 46 38 47 30 47 37 47 33 47 27 29 32 30 50 44 49 31 19 21 30 21 42 21 17 23 34 50 41 57 18 54 47 55 54 61 23 13 61 52 13 30 42 34 25 32 44 38 31 38 34 38 32 23 26 27 49 47 2 34 9 49 21 28 55 48 28 37 30 40 37 23 40 23 38 35 48 32 52 38 47 55 27 36 49 46 35 27 64 62 59 61 23 38 29 38 32 23 51 52 8 7 27 35 55 53 36 20 23 15 20 36 15 23 36 20 23 15 20 12 15 23 35 19 23 41 12 16 41 55 16 51 46 38 19 35 38 35 34 35 55 10 50 59 10 46 51 37 53 37 35 37 0
32,1 35 37 24 23 27 28 32 30 10 27 56 55 51 52 49 56 42 51 48 46 37 30 23 30 50 35 17 23 34 50 40 38 19 21 30 29 43 45 57 40 45 38 23 38 27 12 41 57 12 29 38 53 29 12 25 39 59 60 33 15 21 22 39 12 22 15 12 26 42 26 53 38 15 8 9 8 18 36 8 9 51 16 9 17 16 7 17 11 50 42 38 44 7 21 57 65 2 10 44 59 42 43 11 10 26 10 40 23 10 58 59 53 60 53 46 53 43 34 49 41 34 27 23 38 21 30 41 33 35 20 64 62 28 29 38 32 58 10 32 47 30 51 47 41 27 28 41 31 10 15 31 46 20 30 65 64 51 37 46 36 28 36 33 41 36 28 41 33 37 55 64 65 55 37 56 49 15 55 49 56 55 54 65 57 54 62 57 48 62 46 48 39 46 54 56 47 54 55 33 49 55 47 49 47 30 47 39 47 3 5 47 54 5 6 54 47 6 7 47 39 7 8 39 31 8 9 31 24 9 23 24 33 23 16 33 41 37 30 41 33 30 39 33 41 16 32 41 49 32 48 0
33,1 50 44 32 30 35 36 40 39 19 21 57 47 10 20 24 22 21 30 47 30 27 29 22 29 36 29 49 40 42 28 41 57 34 50 17 23 42 34 16 15 20 30 33 30 26 19 48 46 28 21 30 31 19 35 23 33 18 54 40 47 2 26 64 63 54 47 49 47 29 30 31 13 3 4 13 22 11 13 22 24 30 39 33 39 44 29 57 48 29 39 25 39 21 39 0
34,1 35 37 40 39 27 29 32 30 10 27 17 23 42 14 30 37 27 37 33 30 26 35 25 32 19 20 57 47 37 47 56 47 50 44 65 57 14 21 30 62 29 30 23 38 30 39 38 44 51 44 48 39 21 39 41 25 39 57 33 41 18 36 32 14 57 21 14 21 35 21 62 44 34 27 49 63 2 34 44 43 34 35 63 36 27 19 43 44 58 34 0
35,1 35 37 24 23 27 29 32 30 37 38 25 46 59 61 64 62 42 28 46 28 26 28 33 6 10 27 40 39 50 44 57 63 34 50 63 46 27 12 6 14 28 26 23 22 29 22 49 22 3 5 14 15 5 6 15 14 12 22 14 22 19 20 17 23 42 34 9 33 18 54 33 32 6 7 16 15 11 13 22 14 26 5 14 5 2 5 41 57 13 14 23 6 44 29 46 29 20 29 49 25 5 4 25 21 34 26 21 13 4 52 13 14 54 47 56 55 52 54 32 24 51 53 62 53 61 62 6 21 62 55 48 55 54 55 57 49 50 51 14 11 26 58 21 36 51 52 36 46 52 53 49 48 58 64 48 55 64 24 11 43 24 8 43 3 8 9 46 63 53 44 55 46 9 65 3 4 44 35 63 53 65 9 46 37 7 8 4 3 35 26 53 36 26 18 36 21 18 10 3 5 10 19 5 3 19 12 3 4 12 13 37 29 47 33 29 37 13 14 4 2 14 23 30 29 23 16 29 28 33 54 21 6 16 24 2 18 24 32 6 16 9 25 16 22 25 22 18 2 8 9 2 9 22 21 37 30 21 20 9 8 32 41 28 27 20 28 30 37 28 27 37 46 54 47 0
36,1 35 37 40 38 50 44 17 23 42 14 8 7 14 5 57 47 34 50 47 37 27 29 16 14 5 12 32 30 29 38 25 39 19 20 49 40 10 27 37 22 12 19 30 29 27 12 29 28 19 10 22 12 3 12 39 46 12 13 41 57 18 45 33 32 42 34 49 33 59 60 7 6 13 6 9 6 2 6 23 6 44 29 56 54 10 3 6 21 45 27 64 63 26 44 46 39 3 21 14 21 29 23 33 41 23 40 32 40 44 62 40 49 60 61 41 17 34 10 49 56 61 54 63 54 27 54 56 38 62 61 17 14 54 36 38 65 61 33 57 64 33 61 64 57 61 52 65 56 52 24 14 62 43 44 57 64 36 45 56 49 45 36 49 56 10 2 56 38 24 38 62 38 50 43 38 14 2 3 64 55 51 53 55 47 43 52 14 30 3 2 30 33 36 27 33 17 27 18 17 65 18 45 47 40 2 8 40 47 45 36 65 41 52 45 41 17 36 29 47 55 8 3 48 47 29 36 17 16 3 7 55 48 36 18 16 40 7 6 40 41 18 36 41 17 6 3 39 30 3 6 48 39 6 7 39 48 36 18 17 41 7 8 48 55 18 36 30 39 8 7 55 48 7 8 48 55 8 7 55 48 7 2 41 40 2 5 48 56 5 7 56 48 7 2 40 16 2 3 39 30 3 6 30 39 6 3 39 30 3 6 16 32 6 2 30 39 45 52 32 16 2 3 16 32 3 2 32 16 2 3 16 40 52 45 40 32 3 2 39 30 2 5 32 40 5 13 48 56 13 15 56 48 15 31 30 39 31 15 39 30 15 31 40 38 31 32 48 39 32 8 39 31 8 7 31 40 7 8 40 31 8 7 31 40 7 15 30 39 15 16 40 31 16 15 31 40 15 13 40 41 11 12 21 12 20 21 38 22 13 12 22 21 45 52 21 53 44 53 39 12 53 54 28 27 36 27 47 54 27 45 54 45 52 44 41 32 44 53 32 31 53 45 0
37,1 35 37 24 22 50 44 32 31 27 29 22 29 44 29 57 47 10 20 8 7 42 21 40 39 21 12 16 14 18 54 49 40 26 44 33 24 34 18 17 32 58 34 32 22 29 46 39 46 54 47 46 37 20 37 56 47 37 47 41 33 34 40 24 40 44 9 40 47 9 23 25 32 26 31 47 45 18 10 33 40 23 22 45 31 22 36 32 39 3 5 14 5 12 5 31 26 0
38,1 27 29 57 47 19 21 40 39 50 44 16 15 51 52 25 7 11 12 7 16 42 51 49 13 18 27 8 6 34 50 41 57 10 20 17 7 29 30 32 31 44 29 39 38 29 23 33 41 20 14 13 27 26 27 47 32 3 4 48 46 12 13 41 62 43 45 9 41 35 36 32 47 45 38 47 53 51 44 31 38 36 37 46 37 44 37 16 23 30 23 6 13 4 13 7 13 14 24 49 42 2 42 41 25 37 46 53 59 27 59 62 59 50 59 25 24 46 39 0
39,1 3 5 57 47 11 13 40 38 13 14 32 30 18 11 17 32 35 36 49 31 27 29 38 37 19 21 24 23 11 4 31 4 10 4 23 22 50 35 41 57 35 20 30 21 42 35 33 40 4 21 49 33 5 6 22 29 36 29 32 49 34 50 25 39 21 36 49 55 26 27 55 45 42 26 33 32 6 7 16 15 35 21 64 63 29 30 9 33 59 60 45 30 36 30 47 30 20 30 40 22 2 18 39 30 21 30 22 30 27 30 32 30 26 30 33 30 18 25 57 64 25 24 48 47 24 8 30 14 8 16 64 55 50 42 14 11 16 17 11 3 17 15 63 62 51 52 3 2 42 51 2 5 15 39 55 48 39 15 48 55 15 31 55 46 31 32 56 54 7 8 37 36 51 44 36 43 44 43 46 39 32 16 5 4 16 15 39 38 15 14 38 39 14 15 39 46 8 9 4 9 52 53 46 55 53 62 55 56 62 63 56 55 15 13 55 63 60 61 54 61 13 61 63 54 61 58 47 46 58 10 46 45 10 18 45 44 43 44 9 3 18 10 3 19 10 2 19 11 2 18 11 3 18 10 3 19 10 2 19 11 2 18 11 3 0
40,1 35 37 24 23 27 29 32 30 37 30 23 30 19 21 57 47 10 20 17 23 50 44 25 39 21 22 56 55 42 14 49 56 44 38 39 32 14 23 32 23 11 13 47 32 38 44 8 7 3 5 41 57 34 50 40 38 18 54 48 47 54 61 38 37 44 34 16 14 5 14 7 14 34 19 33 24 61 52 24 16 26 27 47 46 52 31 9 2 42 2 49 9 27 18 57 48 2 4 9 7 18 2 7 4 2 4 48 39 4 6 32 15 22 15 39 31 20 14 31 32 14 8 32 39 6 22 23 32 59 61 56 47 51 52 47 33 8 14 16 15 14 20 15 22 13 22 33 6 20 10 32 14 10 4 14 28 19 36 6 13 4 19 13 20 50 51 64 63 43 45 37 44 51 44 28 37 44 35 55 54 61 54 63 54 35 26 46 45 52 45 54 45 36 53 37 44 26 18 44 53 0
41,1 35 37 24 22 50 44 17 23 27 29 22 29 44 29 40 38 29 14 57 47 10 20 32 31 18 54 8 7 14 4 16 14 20 30 49 40 54 47 40 47 19 21 23 29 21 14 25 39 30 47 56 47 26 27 41 57 42 28 7 14 34 50 33 6 27 63 6 33 4 14 29 14 28 14 57 65 3 5 49 57 43 45 31 30 45 38 47 38 14 23 33 15 50 58 15 23 63 47 57 56 47 38 30 29 38 29 65 57 11 13 56 53 42 34 9 5 2 18 23 32 29 38 5 13 18 24 32 27 34 50 27 51 50 51 13 10 24 18 10 18 0
42,1 19 21 40 38 51 52 57 47 42 51 32 30 21 30 47 30 10 20 30 47 27 28 64 63 50 44 17 23 34 50 49 22 3 4 8 6 18 27 41 57 2 18 49 41 20 5 22 8 5 22 8 22 18 22 38 37 28 37 47 37 22 19 25 46 27 36 33 47 26 18 6 5 19 21 37 31 21 22 46 37 42 26 9 7 22 62 37 55 62 61 31 46 61 45 47 40 36 22 40 39 51 60 23 38 44 29 46 29 60 39 29 35 50 51 35 18 39 30 18 28 0
43,1 35 37 40 39 27 29 32 30 37 38 24 22 19 20 17 23 50 44 25 32 3 4 33 15 11 13 22 29 20 29 8 7 10 20 23 8 42 28 8 14 20 5 15 24 18 11 9 25 34 50 57 40 2 18 24 33 5 22 40 55 22 16 25 18 26 18 33 15 16 22 49 22 29 22 15 16 59 61 55 40 18 54 41 49 61 62 64 63 54 36 40 23 36 45 49 40 45 61 40 49 44 29 14 29 11 29 7 6 13 14 23 29 61 29 16 17 22 23 32 25 14 15 0
44,1 19 21 40 39 10 20 32 30 27 29 57 47 50 44 49 40 51 52 41 57 42 51 24 23 34 50 16 15 44 27 25 7 11 12 15 14 35 37 14 21 12 21 30 21 37 38 47 30 27 37 17 32 26 5 7 14 20 14 32 15 5 7 23 14 7 14 21 20 14 28 9 25 3 4 15 21 37 20 30 20 28 20 21 38 20 12 38 23 29 30 39 30 12 30 23 29 18 36 40 47 2 26 33 30 51 30 29 35 50 51 35 20 26 27 49 33 30 44 33 27 36 27 25 33 27 36 8 7 42 18 56 55 59 61 64 62 18 19 20 14 4 5 14 29 19 24 29 44 51 44 33 31 24 16 57 56 16 15 31 15 36 15 47 38 44 37 56 47 43 45 38 11 5 6 47 39 37 44 48 46 15 36 39 30 36 15 11 20 15 33 30 21 44 51 21 14 33 24 20 6 24 38 6 13 38 2 7 6 52 53 14 21 53 46 55 46 51 44 13 20 2 11 20 11 44 35 6 5 35 44 5 4 44 51 4 3 51 44 3 2 44 51 2 4 0
45,1 35 37 32 30 37 30 33 30 10 20 30 33 27 29 57 47 50 44 25 53 59 60 53 44 26 44 24 23 18 36 40 39 34 18 49 13 20 37 47 37 44 37 33 30 37 30 23 30 19 21 30 21 42 21 17 32 18 10 32 15 21 12 41 25 29 30 39 30 36 15 8 15 12 30 33 32 30 37 32 26 58 26 56 55 37 30 65 33 30 16 25 24 26 33 24 33 16 30 33 40 10 19 48 47 19 28 55 54 28 21 13 34 43 44 64 62 51 53 62 61 21 14 34 43 14 23 43 29 11 13 40 33 3 5 33 25 5 6 15 6 13 6 25 17 6 7 17 8 30 21 29 38 23 30 38 45 30 39 45 27 39 46 27 45 46 47 45 27 47 46 27 45 46 47 45 27 47 46 27 45 46 47 0
46,1 35 37 24 22 50 44 17 23 27 29 22 29 44 29 40 38 29 14 32 31 10 20 8 7 20 30 7 14 18 36 9 17 42 14 25 39 19 20 57 47 36 15 33 25 30 24 41 32 43 44 49 40 24 30 40 33 15 36 32 41 3 5 41 49 34 50 39 30 37 30 23 40 20 21 40 46 36 43 64 62 11 13 62 61 5 6 61 60 51 52 38 37 2 4 56 55 42 34 37 44 4 44 47 53 34 41 49 56 43 29 53 38 52 53 65 41 53 46 41 57 21 22 33 47 44 52 25 46 14 35 46 37 22 31 37 29 26 29 38 44 52 44 47 29 50 42 17 33 35 21 33 31 42 35 57 65 35 28 29 38 13 14 38 59 6 7 16 7 14 7 59 38 7 8 60 59 44 42 65 9 28 37 48 47 21 14 9 8 14 23 8 4 42 10 4 60 10 58 56 63 23 16 31 15 30 31 15 31 0
47,1 50 44 32 30 35 36 40 39 19 21 57 47 27 29 16 15 21 30 39 30 44 38 25 16 10 20 49 31 42 28 41 57 20 14 31 40 34 50 24 22 26 44 17 23 28 19 23 13 19 46 56 55 46 10 49 41 18 27 13 23 44 45 8 7 38 23 16 23 14 20 22 21 42 34 15 14 3 4 7 6 59 60 14 13 4 13 6 13 2 9 33 9 20 35 9 5 36 37 30 37 45 52 23 14 29 30 21 20 11 20 14 35 30 31 40 49 52 54 49 31 54 47 31 38 47 54 13 20 34 35 5 26 35 34 26 27 54 27 20 27 34 26 38 45 50 42 48 46 42 35 41 25 10 3 57 56 3 30 25 22 51 52 22 30 52 45 56 63 43 44 37 44 35 44 63 62 60 61 30 28 44 35 28 60 35 27 62 61 26 50 60 44 27 35 44 45 35 28 45 53 50 58 61 52 58 64 55 54 64 48 53 45 48 40 54 53 40 34 52 51 34 2 53 52 28 36 45 37 36 28 51 43 2 3 43 44 3 2 52 51 28 19 44 43 19 28 51 50 2 50 43 50 28 19 37 36 19 26 46 45 26 27 50 43 27 19 43 34 19 11 34 27 11 10 27 20 10 18 36 34 0
48,1 50 44 57 47 27 29 40 39 19 21 16 15 35 36 25 16 42 28 49 40 34 50 41 57 10 20 32 30 26 35 17 32 11 12 47 37 18 11 48 46 21 30 39 30 28 7 16 7 35 7 24 23 2 18 40 31 20 37 46 37 44 38 31 38 29 38 32 22 7 35 33 32 11 4 22 28 4 49 28 18 42 18 9 49 35 19 23 22 18 26 49 33 43 45 37 44 51 44 32 39 44 45 39 53 50 43 30 29 19 21 57 65 26 28 29 36 43 36 53 60 36 37 60 51 37 36 51 50 36 44 50 58 44 36 58 34 36 44 34 42 44 36 42 50 36 44 50 58 44 36 58 50 0
49,1 27 29 57 47 19 20 32 31 50 44 17 32 18 54 64 63 54 47 32 47 10 27 56 55 35 37 49 56 42 28 41 57 26 35 24 22 34 50 22 29 20 29 25 53 59 60 53 44 27 44 47 32 37 38 31 38 29 38 32 22 28 21 40 39 2 18 33 15 42 26 49 33 11 12 8 6 35 36 15 13 60 61 6 5 61 62 55 54 26 33 9 33 44 54 63 54 36 54 13 27 54 27 33 27 21 42 22 28 18 25 56 49 25 33 27 3 33 28 5 4 28 33 3 11 33 9 4 3 50 59 11 10 9 3 10 42 59 52 49 22 3 9 57 56 43 44 42 10 9 25 16 15 52 53 10 12 51 52 12 13 53 54 13 12 62 63 56 64 54 47 12 44 47 54 44 52 54 61 52 55 61 62 55 63 62 53 63 55 53 45 64 56 45 37 55 53 37 44 53 29 25 23 56 55 23 24 55 46 24 48 46 38 48 16 29 28 44 35 28 12 35 27 12 14 27 19 38 30 16 64 30 23 64 65 23 31 65 25 14 13 25 65 13 53 65 33 31 38 33 57 53 57 19 12 57 33 12 21 38 45 21 14 39 38 14 23 38 37 23 24 33 27 24 16 37 36 16 23 36 35 23 14 35 34 14 23 27 31 23 16 34 10 16 7 10 13 7 16 13 14 16 24 31 32 24 25 14 23 0
50,1 35 37 57 47 37 38 47 30 27 29 32 31 19 21 30 15 43 45 31 38 45 38 17 23 18 36 25 46 50 44 40 39 10 20 46 53 42 35 33 32 34 50 41 25 44 54 53 35 20 35 15 21 36 43 48 47 38 47 56 47 54 44 49 63 26 12 21 15 42 26 15 30 35 20 65 57 20 37 16 15 12 14 25 17 37 22 32 41 26 34 33 31 43 52 63 45 22 39 45 52 39 24 52 59 44 59 41 55 24 7 17 16 34 35 23 29 7 22 16 9 14 7 29 35 7 35 15 22 2 26 57 41 35 44 55 37 44 4 41 57 4 5 0
51,1 50 44 32 30 51 52 17 23 42 51 40 38 27 29 38 37 44 38 23 38 29 38 24 23 19 21 25 39 10 20 49 13 34 50 13 20 11 20 57 40 18 4 64 62 2 10 33 32 21 30 23 30 20 21 30 21 26 32 39 32 10 16 41 25 42 10 40 23 51 37 32 41 4 31 65 63 16 24 0
52,1 19 21 40 39 51 52 32 30 42 51 57 47 50 44 49 40 34 50 41 57 11 12 24 22 18 11 30 29 35 36 17 23 36 29 22 29 42 34 49 41 27 28 9 17 44 38 23 38 34 38 16 15 3 5 8 6 10 4 40 22 4 14 25 16 51 16 17 16 26 44 16 40 2 34 47 32 38 37 39 38 44 35 22 13 34 26 32 22 37 61 22 12 35 62 64 63 61 53 57 65 11 18 12 18 26 18 13 27 18 42 27 54 53 37 48 46 37 35 38 37 59 61 37 28 35 40 54 40 62 46 28 27 46 28 40 13 50 51 41 34 43 45 27 26 0
53,1 50 44 57 47 19 21 40 39 51 52 32 30 42 51 30 21 26 5 17 32 5 21 24 22 21 12 49 31 27 28 41 57 34 50 9 17 3 5 16 15 10 20 8 7 18 54 64 63 54 47 32 47 44 27 25 16 51 16 17 16 12 21 33 9 27 37 47 37 21 37 31 40 42 26 49 33 28 29 22 29 26 29 33 29 37 29 40 22 29 37 16 17 37 9 17 9 2 26 9 8 20 37 22 40 52 53 15 14 11 12 14 5 12 5 8 16 35 36 16 13 43 44 13 5 26 32 40 49 59 61 7 6 50 51 5 3 51 52 6 5 32 33 48 46 53 46 39 46 37 31 5 4 31 46 3 35 33 9 4 3 52 45 57 48 9 8 48 55 8 7 55 64 61 62 35 51 7 8 49 13 46 61 51 54 61 46 54 51 46 61 51 54 61 46 54 50 8 3 50 54 3 8 13 22 36 37 22 8 37 38 8 17 45 37 54 50 38 39 50 34 37 29 34 39 46 36 17 8 29 30 39 36 44 45 36 44 30 37 44 42 37 46 64 57 46 53 57 48 45 46 8 17 46 47 42 45 53 52 45 47 52 53 48 39 53 60 39 46 60 61 46 45 61 60 47 46 60 51 46 54 51 42 17 8 42 35 45 37 35 27 54 51 27 20 8 29 20 21 51 19 21 14 37 30 14 7 19 11 7 6 30 22 6 5 22 21 5 6 29 22 6 7 11 10 7 6 10 2 0
54,1 35 37 40 39 27 29 32 30 10 27 8 7 51 52 24 22 42 51 22 29 37 30 39 30 50 35 17 23 34 50 57 47 27 44 49 40 35 29 41 57 42 34 49 41 19 20 25 53 18 36 23 38 59 60 53 62 52 53 38 44 29 44 62 55 26 29 9 25 2 26 55 37 29 27 33 6 3 4 6 5 44 29 37 51 50 51 47 37 27 19 5 32 43 44 37 31 36 45 31 21 34 35 40 47 35 41 25 41 29 46 56 55 46 52 47 38 45 18 38 52 51 52 32 31 18 45 31 23 11 12 21 4 19 28 4 14 28 30 23 30 26 30 14 20 30 32 20 35 52 43 35 45 32 16 41 35 43 42 35 11 16 15 45 60 15 7 11 12 42 51 60 45 51 52 55 54 7 6 64 63 6 46 12 15 52 43 15 11 43 42 57 56 46 38 45 60 38 35 11 35 42 35 60 45 35 36 56 47 36 37 47 39 37 29 48 47 29 36 45 55 36 37 55 38 37 36 39 30 44 45 38 53 36 44 47 46 45 54 63 54 44 52 30 38 52 44 53 47 44 52 54 53 52 51 46 45 51 43 38 37 43 51 45 44 51 43 37 45 43 42 53 52 42 50 47 53 50 42 52 51 42 50 53 38 50 43 38 28 43 50 45 36 50 59 44 43 59 60 36 35 60 61 43 42 61 62 51 50 62 63 42 60 0
55,1 11 12 40 38 18 11 17 23 35 36 32 31 27 29 57 47 50 44 56 55 29 38 31 38 26 33 41 33 44 38 23 38 11 38 49 13 19 20 13 40 42 21 65 49 34 50 47 32 42 26 24 23 38 56 49 57 56 63 33 41 10 27 32 38 21 35 55 54 43 45 38 53 35 53 25 53 27 44 48 47 45 54 47 54 59 61 54 61 50 43 57 55 63 45 40 47 2 18 9 33 20 21 33 26 18 26 55 56 26 31 47 40 31 63 53 44 43 44 41 48 63 62 40 47 62 6 8 7 12 13 47 20 3 4 48 39 6 62 20 47 13 14 23 14 21 14 7 14 62 14 56 32 44 37 32 27 14 16 27 51 16 64 51 3 64 8 61 60 8 64 3 4 64 60 4 5 37 44 5 4 60 63 39 46 63 62 46 55 62 14 47 40 14 15 55 46 15 14 46 39 14 38 39 47 38 14 47 39 14 15 39 46 15 14 46 39 0
56,1 35 37 24 22 50 44 32 31 27 29 22 29 44 29 57 47 10 20 56 55 51 52 49 56 42 51 41 57 34 50 17 7 59 60 7 22 42 34 8 7 3 5 33 24 5 6 25 32 20 30 24 33 30 15 9 17 11 13 22 39 18 11 47 41 29 39 32 39 11 56 41 56 19 21 48 47 26 29 39 48 34 26 33 24 2 18 17 33 43 45 40 38 29 36 47 46 15 30 48 30 37 30 38 45 36 45 56 62 45 54 46 45 52 45 49 46 54 53 33 49 21 22 62 45 51 37 46 54 50 59 54 53 60 53 24 40 37 44 40 61 0
57,1 35 37 24 22 50 44 32 31 27 29 22 29 44 29 57 47 10 20 8 7 18 36 40 38 29 44 49 40 42 21 41 57 34 50 25 39 21 39 48 39 20 5 47 53 26 28 16 14 5 15 53 36 28 36 9 8 15 30 8 16 36 27 33 41 30 40 41 40 42 26 16 15 59 60 40 16 27 13 16 24 13 12 49 41 3 5 14 5 12 5 41 25 11 12 24 19 44 54 19 23 2 18 23 41 18 24 15 23 24 23 41 23 5 13 31 30 13 40 23 41 40 41 25 41 37 30 39 30 26 30 64 63 54 37 17 23 30 31 23 29 31 7 29 12 60 61 41 25 37 31 12 22 7 6 25 23 31 46 23 24 50 42 57 49 51 53 49 48 42 35 48 39 6 14 39 30 46 36 30 23 14 6 38 37 36 46 23 30 35 36 24 16 36 45 16 12 46 36 30 29 45 52 12 16 61 62 16 24 36 46 29 30 52 61 24 16 46 36 30 29 6 9 22 39 61 52 16 24 36 46 29 30 9 4 39 54 46 36 30 38 4 6 38 39 36 46 24 32 52 51 54 44 46 52 44 54 52 42 32 48 42 27 48 24 6 54 63 54 27 37 24 21 37 54 39 47 54 64 47 40 43 44 21 5 51 60 5 2 60 61 40 48 64 54 48 40 54 37 40 48 61 52 48 39 52 45 39 48 37 31 48 47 31 46 2 5 45 52 47 48 44 45 5 4 52 61 4 5 61 54 5 6 54 61 6 5 61 54 5 6 62 63 56 63 54 63 6 46 53 46 48 47 63 62 47 46 62 61 46 45 0
58,1 35 37 24 22 10 20 17 23 43 45 40 38 50 44 38 45 42 21 56 54 27 29 22 29 44 29 49 56 29 46 56 38 59 61 32 31 61 54 25 46 37 46 33 54 51 53 57 47 20 30 41 25 30 47 38 47 21 48 23 38 48 39 25 17 58 42 54 61 34 27 38 53 19 20 53 36 42 58 61 54 26 44 36 46 27 19 47 38 58 62 46 61 44 16 17 16 62 54 61 44 39 30 16 24 30 44 64 62 18 27 62 61 2 58 38 47 54 55 47 38 55 53 61 60 27 45 33 49 45 38 31 38 53 52 60 59 20 21 49 45 44 30 24 31 52 51 45 61 19 27 8 6 11 12 31 22 51 52 22 29 52 28 29 22 3 4 61 45 27 20 45 61 12 13 6 13 4 13 22 31 28 52 31 40 52 44 40 31 44 47 31 40 47 39 40 32 39 38 61 60 20 27 60 4 38 35 4 3 27 36 3 4 36 29 65 61 29 22 61 65 13 14 4 8 30 23 32 24 14 15 24 33 15 8 33 24 8 9 65 9 23 9 24 17 58 59 17 8 59 64 8 17 35 41 0
59,1 27 29 57 47 19 21 40 39 10 20 49 13 3 4 13 20 11 20 41 57 43 44 32 30 21 30 39 30 35 36 16 15 42 28 24 22 50 35 25 7 28 7 17 7 26 28 7 24 36 37 30 37 44 37 22 29 20 29 49 41 18 54 64 63 54 61 56 54 34 50 54 61 37 38 41 38 42 47 38 35 47 55 57 49 2 42 35 34 42 34 48 55 28 55 33 29 50 58 29 45 55 28 49 57 34 42 45 54 28 31 54 56 59 60 9 41 31 45 24 39 45 61 41 49 42 34 39 45 61 43 57 65 34 42 45 55 43 35 49 42 35 42 55 61 42 35 56 51 35 51 61 51 58 51 65 56 51 44 56 47 44 45 15 14 45 37 8 6 0
60,1 19 21 40 39 51 52 32 30 42 51 57 47 50 44 30 21 34 50 17 32 26 19 8 7 3 5 24 22 19 21 16 14 21 19 25 16 27 28 49 40 10 20 33 15 18 45 41 57 42 26 9 25 5 14 7 14 19 12 14 13 20 10 16 30 12 19 22 21 10 27 47 53 28 29 53 47 35 37 30 16 45 36 47 53 27 21 53 36 43 36 15 14 44 27 13 12 19 28 49 33 2 18 32 22 28 20 22 5 20 12 14 12 27 12 16 7 12 27 40 13 18 2 7 14 51 42 14 41 37 38 25 17 42 28 13 49 2 3 5 22 28 35 22 12 27 12 17 12 26 28 12 17 50 43 64 63 28 20 49 13 20 19 33 25 3 8 13 49 35 28 17 13 43 35 41 14 11 12 13 12 35 27 49 13 27 35 12 10 8 3 10 58 35 44 14 23 28 37 58 42 44 35 23 37 35 42 37 28 42 43 28 19 3 19 13 49 43 35 56 54 35 28 57 56 21 31 25 9 19 24 49 31 38 31 9 33 31 32 56 49 28 37 49 40 29 30 33 32 24 32 40 32 30 39 32 39 52 53 48 47 59 60 39 31 37 46 31 40 36 37 40 48 37 38 47 38 46 38 48 40 38 46 40 48 46 38 48 40 38 46 40 48 46 38 0
61,1 50 44 32 31 27 29 57 47 51 52 56 55 42 51 49 56 34 50 41 57 10 20 24 23 35 37 33 24 37 38 31 38 44 38 47 32 38 44 32 15 18 45 24 33 26 35 17 32 2 26 32 47 59 60 25 39 42 34 49 41 11 12 8 6 3 5 39 46 52 53 46 25 44 38 47 30 20 30 15 30 45 27 48 47 38 44 16 15 19 21 30 13 27 13 6 13 29 30 23 30 44 29 25 16 29 39 33 17 51 30 16 30 26 30 56 63 35 44 63 27 34 35 27 20 50 51 9 6 30 6 15 6 44 30 17 9 39 24 9 30 21 30 41 25 35 40 20 38 24 39 25 20 40 56 57 65 56 8 65 57 8 6 20 12 6 14 12 11 5 6 38 20 30 31 57 48 31 32 11 27 32 33 0
62,1 19 21 57 47 10 20 40 39 35 37 24 22 20 30 39 30 37 38 47 57 21 30 32 31 27 29 22 29 38 39 48 39 30 39 25 39 50 44 17 23 42 14 33 6 18 27 6 15 3 5 8 7 14 28 57 47 26 35 41 25 35 39 25 17 34 50 33 41 39 46 23 38 5 6 15 22 42 18 22 30 44 38 30 38 46 44 38 39 18 19 49 40 2 18 39 30 44 52 41 25 59 60 56 55 28 21 30 46 11 12 47 37 52 28 46 43 50 58 43 46 58 50 40 61 27 34 61 54 18 26 54 36 50 59 65 41 28 35 46 38 51 52 38 52 34 52 37 52 59 52 36 45 52 45 41 49 45 52 25 41 52 59 41 35 19 35 17 24 21 28 24 23 26 34 31 30 35 40 49 43 59 52 43 48 12 13 48 47 34 39 47 39 40 39 23 24 39 47 16 15 47 48 24 23 6 15 23 15 48 47 15 16 47 48 16 15 48 64 7 6 13 6 15 6 64 56 6 13 52 45 13 20 45 38 20 28 56 55 28 20 55 31 29 28 31 30 28 27 30 27 0
63,1 35 37 56 55 27 29 49 56 10 20 32 31 43 45 24 23 50 44 16 14 3 4 17 32 18 36 8 7 42 28 25 16 34 50 57 47 37 38 47 53 36 27 41 57 38 39 48 39 44 54 56 29 50 58 53 43 42 43 29 43 54 64 32 47 64 49 33 49 28 55 49 56 45 46 39 46 55 46 23 22 46 60 57 65 26 35 43 29 2 42 9 57 42 45 56 55 45 61 65 56 27 63 56 48 60 39 48 41 39 57 55 57 63 45 41 32 45 52 57 55 20 26 47 37 35 53 55 53 61 53 29 47 52 34 31 30 59 61 32 39 61 62 39 46 53 57 30 29 62 63 37 54 34 61 16 30 57 33 40 39 61 54 47 33 63 64 33 54 64 65 0
64,1 19 21 40 38 51 52 57 47 42 51 24 23 27 29 38 37 10 20 32 30 21 30 23 30 18 54 49 13 2 18 17 23 50 60 64 63 54 45 56 54 45 38 13 20 18 20 23 38 29 38 47 53 26 29 48 47 38 47 53 47 34 50 41 57 43 44 33 15 29 15 8 15 3 4 37 44 35 44 25 46 52 53 46 55 44 45 47 53 51 30 55 48 30 48 49 48 45 54 48 42 50 42 9 49 42 50 63 62 20 12 49 33 12 15 33 26 50 51 26 27 51 52 27 28 52 61 53 59 15 16 59 42 54 55 42 27 60 54 28 30 54 39 27 44 61 52 44 38 16 17 30 33 17 33 0
65,1 35 37 24 22 50 44 32 31 27 29 22 29 44 29 57 47 10 20 8 7 18 54 17 32 43 45 33 24 26 35 40 38 29 46 64 63 45 38 31 38 54 27 32 22 46 36 25 39 36 30 47 30 20 30 39 30 37 30 49 31 11 13 22 5 19 21 16 15 35 26 24 32 42 35 7 6 3 4 41 57 34 50 49 25 26 12 48 46 12 60 25 49 35 28 56 55 60 63 32 56 2 10 56 63 27 63 49 25 51 53 38 37 28 19 5 20 10 12 20 35 50 51 35 29 12 20 6 13 4 13 31 13 20 52 9 3 53 46 3 19 51 58 29 44 52 55 57 48 63 45 25 65 55 51 19 51 58 51 65 57 45 52 13 31 42 10 31 52 59 52 44 29 10 15 37 36 15 10 57 25 10 34 36 35 51 43 25 21 52 53 48 47 0
66,1 50 44 57 47 27 29 32 30 51 52 25 46 19 21 24 23 42 51 40 39 10 20 64 63 34 50 33 15 11 12 49 40 44 38 41 57 18 36 49 33 21 22 15 7 12 13 16 15 3 5 7 16 13 14 8 7 26 12 15 22 29 22 7 14 5 14 9 2 42 2 47 32 14 15 32 22 12 4 22 7 4 5 33 25 59 61 40 47 43 45 46 64 36 43 47 40 35 37 40 22 43 22 7 22 5 8 48 47 20 5 47 38 5 22 16 48 15 16 25 49 8 15 38 45 2 9 45 52 22 28 30 37 15 8 37 28 9 17 48 43 8 43 52 43 50 42 49 17 51 23 28 27 23 44 64 19 42 43 27 26 44 26 19 26 43 36 17 16 36 29 16 13 29 38 13 61 38 31 61 53 31 40 63 62 40 31 62 61 31 40 61 60 40 31 60 59 31 40 59 58 40 41 58 30 0
67,1 27 29 57 47 50 44 40 39 19 21 32 30 51 52 49 40 42 51 41 57 34 50 30 21 26 19 8 7 3 5 25 32 44 38 32 23 38 23 17 23 35 36 23 6 10 27 9 17 27 21 6 21 19 21 7 6 18 27 24 23 42 18 33 15 18 19 49 33 2 10 47 30 19 18 30 13 27 20 17 9 59 61 15 7 51 42 7 21 42 21 13 30 20 34 40 13 21 30 13 34 30 23 16 23 18 34 9 17 34 18 17 15 18 22 33 9 50 42 64 63 42 35 9 17 22 6 15 11 10 11 17 11 35 44 11 3 6 7 56 54 61 54 63 54 44 53 3 43 7 23 43 3 23 7 3 4 36 37 57 56 53 54 4 52 54 45 52 28 45 38 56 49 29 30 39 30 37 30 49 40 7 8 40 41 5 6 48 46 6 7 28 4 38 46 41 33 46 39 33 25 30 31 25 17 8 16 17 9 16 15 4 36 39 32 9 8 15 23 8 17 7 8 17 8 32 24 0
68,1 27 29 57 47 50 44 24 23 19 21 32 30 35 36 33 15 26 19 56 55 42 28 49 56 10 20 41 57 34 50 17 7 3 4 23 22 42 34 30 21 28 21 22 29 36 29 25 46 19 12 40 39 59 60 7 24 12 15 8 15 51 53 46 19 18 27 47 30 2 18 30 20 18 19 20 30 21 12 64 63 34 18 24 14 12 21 14 24 21 3 24 14 3 21 14 24 21 35 24 41 44 38 41 47 35 44 55 54 50 51 49 33 51 42 47 41 42 35 41 47 35 42 33 41 42 50 9 17 38 21 41 33 4 5 56 49 50 51 17 25 11 12 57 56 51 42 25 17 18 2 17 25 19 18 25 9 42 51 49 40 18 26 9 7 51 42 47 41 44 35 41 24 2 18 40 47 27 34 47 40 18 19 40 47 19 18 56 49 34 27 49 56 21 36 7 8 36 30 24 30 27 36 8 9 42 51 33 31 35 14 9 65 14 42 65 33 51 44 30 13 18 24 33 17 42 14 13 30 24 18 17 33 14 42 30 13 18 24 33 17 42 14 13 30 24 21 17 65 21 18 65 33 26 27 33 65 27 19 31 33 18 58 63 62 19 18 33 31 14 21 30 13 58 26 62 53 60 53 65 33 26 58 13 23 44 51 23 6 58 26 6 21 12 21 33 9 29 30 9 5 30 39 31 39 26 32 47 40 18 19 40 22 36 54 39 37 43 44 5 21 19 21 37 21 32 16 56 55 54 33 21 13 53 54 13 29 33 47 29 27 51 60 22 31 16 15 55 62 15 11 27 11 47 11 62 54 44 45 0
69,1 50 44 32 30 51 52 25 53 42 51 17 32 59 60 53 44 51 44 40 39 27 28 24 23 34 50 49 31 35 37 57 40 44 51 33 24 43 45 30 37 28 37 39 38 10 20 48 47 18 36 31 22 36 22 32 22 26 35 22 39 35 43 41 57 20 5 39 29 19 20 29 39 45 46 39 54 60 61 54 48 5 22 48 33 42 26 16 15 26 32 24 25 32 40 15 22 2 26 33 48 43 22 25 7 51 42 7 3 42 21 3 11 26 32 11 10 50 59 10 37 21 48 57 65 48 21 37 19 59 50 19 18 50 43 18 19 43 50 19 18 21 42 49 57 20 21 9 17 22 43 17 11 43 44 11 10 61 62 64 63 32 8 18 21 44 36 21 42 0
70,1 27 29 16 14 19 20 25 16 10 27 40 39 35 37 8 7 3 5 14 13 20 21 32 31 11 12 7 6 18 11 57 47 42 28 24 22 29 30 39 38 50 35 56 55 43 45 17 32 27 44 47 53 26 27 49 63 59 60 53 47 51 53 63 56 45 38 31 38 44 38 41 57 38 32 47 32 11 56 57 56 27 11 33 47 11 47 56 47 58 42 47 56 35 50 32 38 34 27 64 62 53 62 49 65 62 55 48 55 2 34 9 41 34 36 16 25 36 52 41 49 50 44 25 60 44 38 60 42 38 55 49 43 27 36 65 49 55 49 0
71,1 35 37 40 38 50 44 17 23 42 21 57 47 27 28 49 22 34 50 32 31 18 36 22 15 10 27 23 6 21 14 24 23 14 5 15 36 43 36 16 14 5 12 6 12 3 12 41 57 26 34 56 55 59 60 57 56 12 13 8 6 13 6 9 6 34 61 6 2 42 2 33 15 28 29 49 41 2 42 15 33 11 13 64 63 29 38 31 38 27 12 25 39 12 22 39 21 42 43 33 31 51 53 41 9 53 54 63 54 61 54 9 2 50 51 31 26 54 38 26 58 51 52 21 39 22 39 48 39 52 61 2 42 38 24 56 63 24 45 63 56 44 54 42 43 54 39 56 57 45 43 58 37 39 45 37 46 43 52 57 48 52 54 46 19 54 38 19 43 61 54 43 52 54 63 52 61 45 62 61 62 38 62 47 62 36 37 48 47 37 38 47 38 63 55 62 45 55 54 45 60 54 53 60 43 53 44 43 26 44 35 26 20 35 28 20 3 28 19 3 13 19 12 38 31 12 20 31 24 20 13 24 15 13 20 23 22 20 12 22 21 12 20 15 22 20 11 14 13 11 19 21 20 0
72,1 35 37 40 39 50 44 32 30 10 20 30 29 20 35 24 22 19 20 57 47 20 29 47 37 35 20 37 47 29 22 49 22 27 29 22 40 42 28 17 23 34 50 23 13 28 10 13 30 44 38 25 32 42 34 9 25 26 35 30 20 11 20 25 20 18 11 20 24 29 30 47 30 38 32 24 32 11 56 65 57 56 38 40 31 10 64 31 38 64 57 38 2 34 2 30 47 57 48 41 48 2 34 32 31 51 53 33 57 59 60 57 54 35 44 31 32 34 10 16 15 10 13 48 40 13 45 32 26 50 51 26 27 44 36 54 30 51 52 27 26 45 44 30 31 52 51 26 29 53 54 47 62 60 61 62 45 51 52 45 30 44 45 30 36 43 36 29 45 36 45 0
73,1 50 44 57 47 27 29 40 39 19 21 49 13 10 27 41 57 3 4 13 40 35 37 32 31 42 28 17 32 34 50 39 38 29 30 8 6 11 12 47 62 51 52 32 22 28 19 25 60 42 34 56 55 2 10 48 46 12 13 6 13 4 13 22 37 27 37 46 37 19 37 33 32 44 54 40 54 18 54 62 47 54 47 49 47 43 44 60 46 26 35 9 49 34 42 32 5 35 36 46 37 36 37 16 15 50 51 57 56 42 43 49 48 59 61 64 62 13 14 5 4 10 34 4 20 34 36 20 18 36 34 18 20 34 36 20 18 36 34 18 20 0
74,1 35 37 40 38 50 44 17 23 27 29 38 29 44 29 57 47 29 23 16 23 10 27 49 22 42 28 41 57 34 50 49 41 27 12 22 15 42 34 32 31 18 54 64 63 54 61 8 6 3 5 25 39 19 20 9 17 12 29 15 29 20 29 17 11 37 38 31 38 29 38 11 13 61 47 56 47 26 62 33 28 38 47 28 55 62 6 13 53 51 52 55 47 6 24 41 25 24 15 39 30 15 36 23 22 5 6 22 21 6 7 21 20 7 8 20 19 2 6 30 9 6 22 25 22 36 22 47 44 34 41 57 64 22 19 53 55 41 9 44 9 19 24 55 47 24 17 9 44 17 10 64 56 10 3 44 9 0
75,1 19 21 16 15 10 20 25 16 35 37 40 39 27 28 49 13 18 27 57 40 51 52 41 57 42 51 48 46 50 35 17 23 34 50 33 41 37 46 40 46 28 29 9 17 3 4 13 31 29 30 23 38 11 12 39 30 20 30 57 65 27 20 41 48 35 45 17 41 26 19 24 23 30 13 16 25 2 26 31 24 13 28 38 28 19 28 24 45 52 45 46 61 28 52 61 46 52 54 41 39 50 58 39 55 54 62 32 31 26 34 55 63 62 48 0
76,1 35 37 40 39 27 29 32 30 37 38 24 22 19 20 16 15 3 5 33 32 5 6 25 7 42 7 17 7 6 15 8 15 26 35 22 21 11 13 7 24 2 9 24 9 35 3 9 24 3 8 57 40 8 17 40 25 18 54 49 40 54 40 41 40 50 44 32 23 13 14 24 14 34 50 65 33 0
77,1 50 44 32 30 35 37 30 37 44 54 40 38 27 28 37 28 42 28 17 23 34 50 49 40 54 44 40 31 10 20 64 63 3 4 57 47 11 13 41 57 18 11 25 53 59 60 53 62 42 34 23 29 51 53 47 53 60 53 62 53 28 35 53 46 35 28 46 53 28 35 29 35 26 35 33 47 50 51 8 6 35 36 53 39 44 38 49 41 51 50 47 46 36 37 46 54 37 51 54 51 50 51 31 38 34 38 39 60 51 60 41 38 2 26 38 41 26 29 9 33 29 21 6 13 4 13 41 34 60 51 24 23 13 14 34 39 14 15 23 22 20 5 33 30 21 53 56 54 53 52 30 46 52 20 39 35 5 22 46 43 51 50 43 51 50 42 35 19 20 19 51 19 11 29 19 21 29 36 21 22 36 22 48 46 42 51 57 48 51 44 48 56 22 43 56 47 43 50 63 62 50 29 47 48 29 36 46 45 36 22 48 47 22 31 47 39 31 4 39 47 4 31 47 46 31 40 54 53 44 43 45 44 40 33 46 38 43 36 38 46 36 43 46 45 33 61 45 37 61 54 37 28 54 61 28 21 61 33 21 22 43 36 22 14 36 43 14 23 43 36 23 30 36 43 30 37 33 54 37 38 54 33 38 45 33 61 45 38 61 33 38 31 33 61 31 23 61 33 23 31 33 47 31 23 47 33 23 32 33 61 32 39 61 33 39 32 33 61 32 31 43 36 31 23 61 33 23 32 33 61 32 31 61 33 31 22 36 43 22 29 33 47 29 30 47 33 30 38 43 36 38 31 36 43 31 22 43 52 22 14 52 43 14 21 33 40 21 29 40 61 29 28 61 47 28 21 47 40 21 29 40 47 29 28 47 33 28 20 33 54 20 12 54 33 12 13 33 54 13 22 54 33 22 30 33 40 30 39 40 61 39 32 43 36 32 31 36 43 31 39 43 52 39 46 52 43 46 45 61 52 45 37 0
78,1 35 37 24 23 19 21 32 30 21 30 23 30 37 30 57 47 26 5 25 32 5 12 33 15 42 21 15 12 21 12 17 7 27 29 9 25 10 20 7 13 50 44 13 28 34 35 28 18 2 18 8 7 44 38 56 55 38 32 41 32 43 44 49 56 35 28 65 33 20 37 47 62 37 22 32 41 22 16 25 18 58 18 33 17 12 5 41 49 51 52 56 63 18 24 62 47 5 23 63 18 11 12 18 4 16 22 17 33 28 21 7 6 24 8 4 13 3 4 13 4 8 6 4 18 12 13 18 27 6 9 33 9 23 9 47 41 22 37 27 34 21 22 48 46 37 54 41 31 9 23 64 63 54 39 49 48 13 14 34 6 14 15 6 15 22 15 48 47 15 22 55 54 44 45 54 53 22 13 31 37 13 21 37 27 21 28 27 44 39 22 44 59 22 16 59 42 30 31 40 31 16 31 42 52 28 36 63 62 31 21 62 61 21 38 52 42 36 43 42 27 29 30 27 37 43 36 37 31 23 32 31 37 38 53 46 53 36 37 53 52 32 60 47 40 45 46 40 31 37 45 31 40 45 53 52 51 60 51 40 47 51 60 47 48 53 61 48 40 61 53 40 47 53 45 47 48 0
79,1 19 21 40 39 10 20 32 30 27 29 57 47 50 44 17 32 51 52 24 23 42 51 49 31 34 50 41 57 44 27 39 38 21 30 23 30 29 38 31 38 20 30 47 30 51 30 32 22 30 51 33 40 27 21 49 33 26 19 38 47 18 36 25 39 2 18 33 25 19 27 25 33 27 13 9 25 11 12 16 15 42 26 33 26 18 26 40 24 36 45 24 40 51 44 64 63 59 61 25 33 13 34 39 21 12 21 33 26 34 26 47 38 45 38 40 38 26 33 57 64 44 30 38 35 30 48 35 34 50 51 34 37 51 59 63 62 48 57 64 55 33 54 0
80,1 19 21 8 6 51 52 56 55 42 51 49 56 50 44 57 47 34 50 41 57 10 20 32 31 3 4 40 38 2 10 17 23 11 13 6 13 4 13 25 46 27 28 38 37 44 61 37 28 61 46 28 35 26 35 55 46 13 14 23 29 35 28 47 32 18 36 32 38 28 29 38 44 51 44 56 29 36 29 9 4 44 51 49 41 20 30 41 39 30 45 39 38 51 16 4 5 42 18 64 63 45 28 38 37 16 37 46 37 28 45 57 64 45 30 64 55 14 15 24 15 10 15 55 46 18 26 63 62 30 36 46 55 21 22 48 47 15 31 33 40 29 47 0
81,1 35 37 24 22 10 20 17 23 43 45 32 31 50 44 40 39 42 14 25 32 34 50 8 7 14 23 32 23 45 46 57 47 46 39 48 39 44 54 33 32 42 47 56 47 26 62 41 40 62 48 40 33 48 47 33 24 47 65 49 56 65 9 56 29 50 58 0
82,1 35 37 56 55 10 20 49 56 43 45 24 23 50 44 32 30 27 28 30 37 20 37 57 47 37 47 56 47 51 52 25 53 42 51 41 57 34 50 33 15 50 58 17 32 19 20 32 22 28 29 22 39 26 12 15 12 3 12 49 33 44 38 53 46 18 36 39 24 52 53 46 39 12 13 24 30 36 27 30 15 2 34 47 38 45 38 39 53 27 54 33 32 59 61 53 39 58 59 8 6 13 6 9 6 34 2 6 2 42 2 57 56 2 8 48 47 54 45 15 30 51 30 39 30 59 52 64 63 52 43 55 54 61 54 63 54 45 36 56 55 8 9 55 46 9 49 16 14 36 27 32 8 49 41 47 38 29 38 54 53 27 36 8 3 36 18 3 2 18 36 2 10 41 40 10 11 43 42 46 37 36 29 37 44 42 34 53 52 38 39 11 35 34 26 30 12 26 18 12 39 40 41 52 51 41 49 44 37 49 47 39 30 47 55 37 28 55 52 28 21 18 26 35 3 26 18 14 13 29 38 3 2 18 11 51 50 0
83,1 43 45 57 47 50 44 32 30 11 12 25 46 18 11 24 23 51 52 17 32 42 51 40 39 34 50 49 31 35 36 41 57 27 28 64 63 10 27 49 41 44 38 33 15 26 35 31 38 45 38 47 53 28 29 32 38 29 38 53 36 42 46 39 46 50 58 36 51 58 51 30 29 27 44 9 33 35 28 56 55 2 34 23 22 59 61 15 23 51 43 16 14 11 18 57 56 61 62 22 21 28 27 55 54 44 54 63 54 27 54 56 64 54 46 64 65 18 54 29 28 54 47 23 47 46 47 65 57 62 63 0
84,1 50 44 57 47 27 29 56 55 18 45 49 56 35 36 41 57 59 60 32 31 42 21 17 32 34 50 33 41 45 59 40 38 19 20 38 37 44 27 31 30 21 35 24 23 59 31 41 39 31 49 56 49 20 21 32 15 26 12 55 54 42 18 64 62 21 30 15 30 10 20 54 53 20 30 47 30 60 61 53 52 43 52 49 31 27 42 39 55 35 21 25 39 21 30 39 30 12 19 9 41 18 26 57 64 26 27 31 52 42 52 55 52 19 20 52 61 27 43 61 54 2 42 62 61 43 46 54 52 20 34 41 57 46 62 64 55 62 61 52 54 34 43 48 46 61 45 30 39 43 61 55 47 61 54 57 54 50 43 47 40 42 58 39 3 58 2 3 30 2 8 23 22 29 22 40 32 11 13 32 23 8 9 23 14 9 33 30 23 33 29 54 62 43 52 62 54 52 59 54 62 59 52 62 54 52 60 54 62 45 61 62 54 51 52 14 5 61 63 5 12 13 14 0
85,1 27 29 57 47 19 21 40 39 10 20 49 13 18 27 32 30 35 36 41 57 50 44 24 22 21 30 47 30 20 30 13 27 26 27 33 30 29 22 30 22 2 18 22 15 42 28 17 23 34 50 39 38 28 37 49 41 27 19 64 63 37 23 16 23 19 23 25 7 23 15 8 15 42 34 48 47 3 4 41 33 34 26 33 26 18 26 9 25 59 61 25 19 26 27 19 23 50 59 57 48 51 53 48 39 59 52 23 18 27 33 18 19 11 13 7 25 44 27 39 40 33 65 25 53 52 53 19 27 43 45 27 28 45 38 47 38 36 37 28 4 65 17 4 36 53 46 36 60 17 16 40 49 16 15 60 61 15 17 49 48 17 16 48 49 13 14 61 45 46 38 45 42 38 39 42 47 39 38 47 42 14 15 63 62 16 24 0
86,1 27 29 57 47 50 44 56 55 10 20 32 31 35 37 49 56 18 54 24 23 26 27 64 63 54 45 16 14 42 28 25 16 59 60 8 7 3 5 14 13 20 35 23 22 37 38 31 38 29 38 47 30 38 39 48 46 45 38 30 47 35 45 17 23 45 55 23 38 55 38 33 31 28 46 47 30 46 55 41 49 38 32 49 57 55 48 57 64 27 28 0
87,1 27 29 32 30 19 20 57 47 50 44 24 23 18 45 40 39 35 36 49 31 45 52 31 52 59 52 17 32 10 27 64 63 42 28 16 15 36 37 30 37 27 37 47 37 28 37 25 16 26 5 33 24 34 18 32 47 37 19 8 7 5 13 41 25 44 38 23 22 13 21 22 29 21 24 25 24 38 48 29 28 19 28 16 51 48 33 51 58 33 39 24 31 28 21 58 30 21 30 47 30 39 45 65 49 26 30 31 23 30 27 56 54 45 39 49 47 39 29 23 24 52 53 15 14 29 46 63 62 43 44 62 53 44 53 47 39 27 51 39 37 18 27 37 45 27 36 24 23 46 29 23 30 29 44 45 37 36 28 37 45 44 54 45 42 54 37 42 26 37 27 30 39 53 54 39 48 54 55 48 56 28 19 26 34 27 44 34 36 44 29 36 38 11 13 38 30 29 39 56 47 55 56 47 39 56 57 39 31 51 55 0
88,1 19 21 40 38 10 20 17 23 50 44 48 46 51 52 57 47 27 29 38 37 44 61 56 55 18 54 49 56 35 36 41 57 61 51 64 63 54 47 56 47 51 45 57 56 59 61 23 40 26 12 32 31 42 35 24 23 52 53 8 7 53 46 25 46 34 18 16 14 21 22 31 30 26 50 56 64 12 26 7 6 35 53 33 32 53 46 32 46 20 35 6 5 35 52 46 32 50 51 49 57 18 10 40 46 61 62 55 54 45 55 46 40 55 40 47 40 26 19 9 49 58 50 49 44 52 37 30 37 19 37 32 46 37 46 44 46 43 45 57 49 45 54 40 54 36 37 46 43 29 30 23 30 37 30 14 13 51 43 49 43 50 26 54 47 30 31 43 11 10 18 13 12 3 12 5 12 0
89,1 35 37 24 23 27 29 32 30 37 38 25 46 19 21 40 39 3 4 17 32 10 20 57 40 21 22 48 47 43 45 46 55 50 44 40 46 42 35 47 38 45 38 46 61 34 50 49 40 44 61 40 61 18 36 61 54 26 27 54 36 27 36 65 49 11 13 8 7 4 5 33 61 51 52 61 40 13 14 49 42 2 42 7 14 5 14 55 46 14 15 9 4 36 27 46 60 27 11 4 20 11 20 60 42 35 42 40 54 50 43 64 62 20 36 54 46 43 51 56 54 42 35 62 61 35 62 41 40 52 53 46 19 51 60 19 37 36 54 40 49 54 33 0
90,1 35 37 40 38 50 44 17 23 42 14 8 7 14 5 32 31 19 20 48 46 5 19 46 37 19 37 57 47 37 23 16 23 27 29 38 37 44 27 31 30 43 44 37 44 27 44 49 31 34 50 41 57 18 54 33 41 10 27 41 55 26 35 25 53 2 34 9 41 35 26 47 37 54 61 55 62 59 60 37 27 34 41 49 41 60 53 27 44 26 44 62 55 44 46 55 46 53 46 64 62 50 43 57 48 42 34 7 6 34 41 48 41 43 44 41 48 51 53 62 53 44 53 6 5 3 4 23 22 61 43 22 29 43 29 24 22 29 36 31 40 53 45 48 47 36 43 40 31 45 53 31 40 43 61 47 48 61 52 48 41 52 38 40 49 53 54 41 48 54 45 49 40 38 24 40 47 24 31 47 40 31 24 48 47 24 38 47 48 38 24 0
91,1 35 37 40 38 50 44 17 23 42 14 56 55 27 29 38 29 19 20 49 56 20 29 57 40 18 54 8 7 14 5 16 14 5 12 64 63 54 40 33 40 34 50 41 57 42 34 32 31 10 20 25 16 29 30 23 38 44 29 49 41 2 18 9 25 43 45 38 32 29 23 16 23 30 23 32 22 20 30 40 61 51 52 61 33 30 20 56 20 18 20 22 12 26 12 33 47 12 30 41 40 34 35 25 41 20 4 55 54 4 44 47 39 30 39 40 39 44 36 48 46 37 38 31 38 36 38 39 38 45 38 41 39 50 43 57 48 35 27 39 38 27 32 38 40 32 24 40 24 0
92,1 35 37 40 39 27 28 32 30 26 35 57 47 50 44 17 23 19 20 30 37 28 37 39 38 51 52 8 6 42 51 49 22 34 50 41 57 10 27 33 40 27 21 16 15 44 27 25 7 42 34 9 33 35 44 40 39 11 12 39 53 51 42 53 44 27 44 47 53 21 36 7 42 36 53 42 60 53 38 23 38 44 38 49 41 38 44 33 28 18 36 28 20 36 22 20 22 2 18 22 18 34 18 41 37 18 24 48 47 24 21 37 35 21 61 60 32 50 42 35 3 61 29 32 14 42 34 3 35 34 42 35 11 0
93,1 11 12 32 30 50 44 24 23 18 11 25 46 35 36 57 47 19 21 40 39 51 52 17 32 42 51 64 63 34 50 49 40 27 28 41 57 26 35 8 6 3 4 46 64 42 26 33 15 10 27 32 22 2 10 64 28 35 34 28 10 26 10 22 28 34 26 28 11 10 11 40 4 11 3 4 40 44 38 49 33 26 19 15 24 27 44 40 31 38 28 30 21 12 21 31 40 21 22 47 30 3 5 40 47 44 29 56 55 59 61 47 38 19 12 38 56 50 59 39 38 29 35 30 40 5 3 24 32 35 18 63 62 51 37 56 47 59 51 57 56 18 35 40 46 35 20 46 61 52 61 32 53 51 42 47 61 3 5 48 46 37 51 38 37 28 45 56 63 51 60 53 44 60 51 44 43 0
94,1 19 21 40 38 10 20 49 13 20 30 8 6 50 44 57 47 30 13 6 13 44 38 41 57 27 29 49 41 35 36 17 23 38 23 32 23 42 35 47 37 34 50 9 6 43 44 37 31 36 37 6 62 18 45 33 47 45 52 47 63 26 18 63 55 18 27 23 22 29 22 62 22 27 13 16 15 42 26 64 62 11 12 62 61 52 45 31 37 35 28 55 47 45 36 37 20 36 22 20 26 2 26 15 22 13 22 61 60 22 24 60 51 28 37 25 60 24 52 41 37 52 60 37 35 60 25 57 64 25 60 64 57 21 22 35 3 22 23 3 19 60 32 47 44 32 33 57 64 33 28 44 28 26 28 19 23 50 51 23 15 51 52 48 47 52 45 64 55 45 37 15 13 37 30 13 14 30 21 14 38 12 13 38 37 21 20 37 39 28 52 55 48 20 21 39 23 21 30 23 39 52 56 48 56 30 39 56 55 13 14 47 46 14 15 46 45 15 16 45 44 16 17 44 43 17 10 55 54 10 42 54 45 42 43 45 54 59 60 54 62 43 52 62 63 52 53 63 64 53 54 64 65 54 55 0
95,1 27 29 57 47 18 45 32 30 35 36 24 22 50 44 33 15 10 20 22 21 2 10 15 6 42 35 16 14 3 4 47 37 34 50 37 20 11 20 40 39 44 38 49 4 36 37 25 16 10 2 6 20 37 30 16 30 35 62 41 57 62 48 49 48 38 48 17 32 48 38 32 38 45 38 4 49 43 45 20 36 42 43 8 6 26 53 56 55 59 61 6 5 61 62 36 37 50 59 37 46 53 46 55 46 51 53 46 53 2 50 5 4 45 46 57 48 46 39 48 39 43 47 39 32 0
96,1 27 29 57 47 50 44 24 22 18 45 22 29 45 17 9 17 26 29 16 15 35 37 25 16 10 20 40 39 37 38 49 22 29 45 47 30 20 30 16 30 19 21 30 44 45 44 22 13 34 26 33 24 3 4 13 22 44 37 22 43 42 28 24 22 26 19 43 29 58 34 48 46 38 47 29 47 11 13 22 29 37 29 47 29 2 26 29 47 28 37 17 33 26 28 41 40 34 26 47 38 59 60 32 31 28 44 33 49 26 42 49 47 13 14 64 62 4 5 62 61 19 28 65 62 28 19 62 54 44 43 38 29 43 45 54 52 45 47 29 47 37 44 52 54 42 34 47 38 19 28 54 46 34 37 56 54 37 35 46 49 35 34 49 25 44 23 25 49 23 44 40 47 34 42 47 56 44 35 49 33 35 44 38 45 44 53 56 47 42 34 45 38 34 42 47 40 28 37 38 45 42 26 40 47 26 28 33 25 28 20 31 30 37 28 45 38 20 18 25 33 21 22 15 22 18 22 38 31 22 23 39 38 5 6 47 40 14 15 8 15 6 15 33 17 53 46 17 9 15 16 9 17 46 25 0
97,1 35 37 32 31 27 29 57 47 10 20 40 38 50 44 17 32 42 21 49 40 34 50 41 57 3 5 24 23 26 35 8 6 42 26 33 24 59 60 38 29 44 29 49 41 29 46 40 49 43 45 32 22 46 52 47 37 52 37 22 37 20 37 25 46 37 47 56 47 35 43 31 30 21 28 46 37 18 36 49 31 36 29 24 40 43 61 31 22 28 37 30 37 61 53 57 65 53 46 22 29 26 29 37 36 2 34 9 33 29 33 41 33 50 59 33 31 34 35 31 39 59 52 40 13 11 12 16 14 5 14 23 14 52 44 6 5 35 36 39 36 44 36 13 34 36 44 34 26 44 52 5 4 46 47 65 57 47 54 57 49 54 22 49 41 22 4 26 19 4 9 41 40 9 16 40 49 16 14 19 55 52 44 55 10 14 21 10 42 21 42 49 56 42 21 48 47 12 13 56 55 13 14 47 46 14 15 64 62 15 16 62 61 16 17 55 62 17 38 0
98,1 35 37 40 38 50 44 17 23 42 14 57 47 27 28 49 22 14 23 32 23 34 50 47 32 10 27 41 57 27 21 49 41 18 27 48 47 44 61 56 55 50 58 32 15 21 6 22 49 3 5 15 32 51 53 32 22 61 51 33 32 43 44 41 40 42 43 40 48 59 61 22 39 6 21 16 14 21 36 25 16 44 45 39 45 51 45 38 45 43 45 8 7 26 35 23 22 27 20 49 56 5 14 7 14 2 42 9 49 58 50 14 13 20 34 16 25 11 12 56 63 45 44 63 36 35 36 32 53 44 52 53 62 34 43 25 53 36 22 62 61 22 13 49 41 13 29 64 62 29 30 41 38 30 33 57 64 52 51 61 54 43 29 38 39 42 2 39 31 33 41 31 32 12 13 32 40 41 17 54 45 2 9 45 18 50 59 18 45 59 50 45 18 50 59 18 45 59 50 0
99,1 27 29 57 47 19 21 24 23 10 20 32 30 35 36 40 39 50 44 17 32 42 35 49 31 34 50 30 21 3 5 41 57 44 27 39 38 27 21 31 24 11 12 38 29 26 29 32 15 18 4 33 29 36 29 49 33 2 26 15 30 20 30 47 30 35 44 25 46 44 30 23 30 21 36 46 55 26 18 24 45 18 20 64 62 42 18 57 64 51 52 45 36 20 36 9 25 36 20 25 20 18 20 33 32 43 44 16 15 50 43 55 46 20 23 48 47 59 61 64 55 4 31 55 48 31 45 32 16 12 13 46 32 23 24 16 24 45 24 32 5 24 17 0
